-- phpMyAdmin SQL Dump
-- version 4.7.4
-- https://www.phpmyadmin.net/
--
-- Host: 127.0.0.1:3306
-- Generation Time: May 21, 2018 at 04:20 AM
-- Server version: 5.7.19
-- PHP Version: 5.6.31

SET SQL_MODE = "NO_AUTO_VALUE_ON_ZERO";
SET AUTOCOMMIT = 0;
START TRANSACTION;
SET time_zone = "+00:00";


/*!40101 SET @OLD_CHARACTER_SET_CLIENT=@@CHARACTER_SET_CLIENT */;
/*!40101 SET @OLD_CHARACTER_SET_RESULTS=@@CHARACTER_SET_RESULTS */;
/*!40101 SET @OLD_COLLATION_CONNECTION=@@COLLATION_CONNECTION */;
/*!40101 SET NAMES utf8mb4 */;

--
-- Database: `food_final`
--

-- --------------------------------------------------------

--
-- Table structure for table `items`
--

DROP TABLE IF EXISTS `items`;
CREATE TABLE IF NOT EXISTS `items` (
  `id` int(11) NOT NULL AUTO_INCREMENT,
  `name` varchar(20) NOT NULL,
  `price` int(11) NOT NULL,
  `deleted` tinyint(4) NOT NULL DEFAULT '0',
  PRIMARY KEY (`id`),
  UNIQUE KEY `name` (`name`),
  UNIQUE KEY `id` (`id`)
) ENGINE=InnoDB AUTO_INCREMENT=6 DEFAULT CHARSET=latin1;

--
-- Dumping data for table `items`
--

INSERT INTO `items` (`id`, `name`, `price`, `deleted`) VALUES
(1, 'Item 1', 25, 1),
(2, 'Item 2', 45, 0),
(3, 'Item 3', 20, 0),
(4, 'Item 4', 15, 1),
(5, 'Item 5', 20, 0);

-- --------------------------------------------------------

--
-- Table structure for table `orders`
--

DROP TABLE IF EXISTS `orders`;
CREATE TABLE IF NOT EXISTS `orders` (
  `id` int(11) NOT NULL AUTO_INCREMENT,
  `customer_id` int(11) NOT NULL,
  `address` varchar(300) NOT NULL,
  `description` varchar(300) NOT NULL,
  `date` datetime NOT NULL DEFAULT CURRENT_TIMESTAMP,
  `payment_type` varchar(16) NOT NULL DEFAULT 'Wallet',
  `total` int(11) NOT NULL,
  `status` varchar(25) NOT NULL DEFAULT 'Yet to be delivered',
  `deleted` tinyint(4) NOT NULL DEFAULT '0',
  PRIMARY KEY (`id`),
  UNIQUE KEY `id` (`id`),
  KEY `customer_id` (`customer_id`)
) ENGINE=InnoDB AUTO_INCREMENT=10 DEFAULT CHARSET=latin1;

--
-- Dumping data for table `orders`
--

INSERT INTO `orders` (`id`, `customer_id`, `address`, `description`, `date`, `payment_type`, `total`, `status`, `deleted`) VALUES
(1, 2, 'Address 2', 'Sample Description 1', '2017-03-28 17:32:41', 'Wallet', 150, 'Yet to be delivered', 0),
(2, 2, 'New address 2', '', '2017-03-28 17:43:05', 'Wallet', 130, 'Cancelled by Customer', 1),
(3, 3, 'Address 3', 'Sample Description 2', '2017-03-28 19:49:33', 'Cash On Delivery', 130, 'Delivered', 0),
(4, 3, 'Address 3', '', '2017-03-28 19:52:01', 'Cash On Delivery', 130, 'Cancelled by Customer', 1),
(5, 3, 'New Address 3', '', '2017-03-28 20:47:28', 'Wallet', 285, 'Paused', 0),
(6, 3, 'New Address 3', '', '2017-03-30 00:43:31', 'Wallet', 325, 'Cancelled by Customer', 1),
(7, 6, 'BDC Lorong F', '', '2018-04-19 09:52:44', 'Cash On Delivery', 325, 'Cancelled by Customer', 1),
(8, 6, 'Bdc lorong hff', '', '2018-04-19 09:56:12', 'Cash On Delivery', 145, 'Cancelled by Customer', 1),
(9, 6, 'bdc fgh', '', '2018-05-09 22:41:09', 'Cash On Delivery', 230, 'Yet to be delivered', 0);

-- --------------------------------------------------------

--
-- Table structure for table `order_details`
--

DROP TABLE IF EXISTS `order_details`;
CREATE TABLE IF NOT EXISTS `order_details` (
  `id` int(11) NOT NULL AUTO_INCREMENT,
  `order_id` int(11) NOT NULL,
  `item_id` int(11) NOT NULL,
  `quantity` int(11) NOT NULL,
  `price` int(11) NOT NULL,
  PRIMARY KEY (`id`),
  UNIQUE KEY `id` (`id`),
  KEY `item_id` (`item_id`),
  KEY `order_id` (`order_id`)
) ENGINE=InnoDB AUTO_INCREMENT=24 DEFAULT CHARSET=latin1;

--
-- Dumping data for table `order_details`
--

INSERT INTO `order_details` (`id`, `order_id`, `item_id`, `quantity`, `price`) VALUES
(1, 1, 2, 2, 90),
(2, 1, 3, 3, 60),
(3, 2, 2, 2, 90),
(4, 2, 3, 2, 40),
(5, 3, 2, 2, 90),
(6, 3, 3, 2, 40),
(7, 4, 2, 2, 90),
(8, 4, 3, 2, 40),
(9, 5, 2, 5, 225),
(10, 5, 3, 2, 40),
(11, 5, 5, 1, 20),
(12, 6, 2, 5, 225),
(13, 6, 3, 3, 60),
(14, 6, 5, 2, 40),
(15, 7, 2, 5, 225),
(16, 7, 3, 3, 60),
(17, 7, 5, 2, 40),
(18, 8, 2, 1, 45),
(19, 8, 3, 2, 40),
(20, 8, 5, 3, 60),
(21, 9, 2, 2, 90),
(22, 9, 3, 3, 60),
(23, 9, 5, 4, 80);

-- --------------------------------------------------------

--
-- Table structure for table `tickets`
--

DROP TABLE IF EXISTS `tickets`;
CREATE TABLE IF NOT EXISTS `tickets` (
  `id` int(11) NOT NULL AUTO_INCREMENT,
  `poster_id` int(11) NOT NULL,
  `subject` varchar(100) NOT NULL,
  `description` varchar(3000) NOT NULL,
  `status` varchar(8) NOT NULL DEFAULT 'Open',
  `type` varchar(30) NOT NULL DEFAULT 'Others',
  `date` datetime NOT NULL DEFAULT CURRENT_TIMESTAMP,
  `deleted` tinyint(4) NOT NULL DEFAULT '0',
  PRIMARY KEY (`id`),
  KEY `poster_id` (`poster_id`)
) ENGINE=InnoDB AUTO_INCREMENT=2 DEFAULT CHARSET=latin1;

--
-- Dumping data for table `tickets`
--

INSERT INTO `tickets` (`id`, `poster_id`, `subject`, `description`, `status`, `type`, `date`, `deleted`) VALUES
(1, 2, 'Subject 1', 'New Description for Subject 1', 'Answered', 'Support', '2017-03-30 18:08:51', 0);

-- --------------------------------------------------------

--
-- Table structure for table `ticket_details`
--

DROP TABLE IF EXISTS `ticket_details`;
CREATE TABLE IF NOT EXISTS `ticket_details` (
  `id` int(11) NOT NULL AUTO_INCREMENT,
  `ticket_id` int(11) NOT NULL,
  `user_id` int(11) NOT NULL,
  `description` varchar(1000) NOT NULL,
  `date` datetime NOT NULL DEFAULT CURRENT_TIMESTAMP,
  PRIMARY KEY (`id`),
  KEY `ticket_id` (`ticket_id`),
  KEY `user_id` (`user_id`)
) ENGINE=InnoDB AUTO_INCREMENT=5 DEFAULT CHARSET=latin1;

--
-- Dumping data for table `ticket_details`
--

INSERT INTO `ticket_details` (`id`, `ticket_id`, `user_id`, `description`, `date`) VALUES
(1, 1, 2, 'New Description for Subject 1', '2017-03-30 18:08:51'),
(2, 1, 2, 'Reply-1 for Subject 1', '2017-03-30 19:59:09'),
(3, 1, 1, 'Reply-2 for Subject 1 from Administrator.', '2017-03-30 20:35:39'),
(4, 1, 1, 'Reply-3 for Subject 1 from Administrator.', '2017-03-30 20:49:35');

-- --------------------------------------------------------

--
-- Table structure for table `users`
--

DROP TABLE IF EXISTS `users`;
CREATE TABLE IF NOT EXISTS `users` (
  `id` int(11) NOT NULL AUTO_INCREMENT,
  `role` varchar(15) NOT NULL DEFAULT 'Customer',
  `name` varchar(15) NOT NULL,
  `username` varchar(10) NOT NULL,
  `password` varchar(16) NOT NULL,
  `email` varchar(35) DEFAULT NULL,
  `address` varchar(300) DEFAULT NULL,
  `contact` bigint(11) NOT NULL,
  `verified` tinyint(1) NOT NULL DEFAULT '0',
  `deleted` tinyint(4) NOT NULL DEFAULT '0',
  PRIMARY KEY (`id`),
  UNIQUE KEY `username` (`username`),
  UNIQUE KEY `id` (`id`)
) ENGINE=InnoDB AUTO_INCREMENT=9 DEFAULT CHARSET=latin1;

--
-- Dumping data for table `users`
--

INSERT INTO `users` (`id`, `role`, `name`, `username`, `password`, `email`, `address`, `contact`, `verified`, `deleted`) VALUES
(1, 'Administrator', 'Admin 1', 'root', 'toor', '', 'Address 1', 9898000000, 1, 0),
(2, 'Customer', 'Customer 1', 'user1', 'pass1', 'mail2@example.com', 'Address 2', 9898000001, 1, 0),
(3, 'Customer', 'Customer 2', 'user2', 'pass2', 'mail3@example.com', 'Address 3', 9898000002, 1, 0),
(4, 'Customer', 'Customer 3', 'user3', 'pass3', '', '', 9898000003, 0, 0),
(5, 'Customer', 'Customer 4', 'user4', 'pass4', '', '', 9898000004, 0, 1),
(6, 'Customer', 'Ali', 'alielmahdi', '123456', NULL, NULL, 123456789, 1, 0),
(7, 'Administrator', 'Aylwin', 'Aylwin', '123456', 'aywkin@mail.com', 'BDC BDC BDC ', 123456789, 1, 0),
(8, 'Customer', 'salah', 'salah', 'salah', NULL, NULL, 1235678, 0, 0);

-- --------------------------------------------------------

--
-- Table structure for table `wallet`
--

DROP TABLE IF EXISTS `wallet`;
CREATE TABLE IF NOT EXISTS `wallet` (
  `id` int(11) NOT NULL AUTO_INCREMENT,
  `customer_id` int(11) NOT NULL,
  PRIMARY KEY (`id`),
  UNIQUE KEY `customer_id` (`customer_id`),
  UNIQUE KEY `id` (`id`)
) ENGINE=InnoDB AUTO_INCREMENT=9 DEFAULT CHARSET=latin1;

--
-- Dumping data for table `wallet`
--

INSERT INTO `wallet` (`id`, `customer_id`) VALUES
(1, 1),
(2, 2),
(3, 3),
(4, 4),
(5, 5),
(6, 6),
(7, 7),
(8, 8);

-- --------------------------------------------------------

--
-- Table structure for table `wallet_details`
--

DROP TABLE IF EXISTS `wallet_details`;
CREATE TABLE IF NOT EXISTS `wallet_details` (
  `id` int(11) NOT NULL AUTO_INCREMENT,
  `wallet_id` int(11) NOT NULL,
  `number` varchar(16) NOT NULL,
  `cvv` int(3) NOT NULL,
  `balance` int(11) NOT NULL DEFAULT '2000',
  PRIMARY KEY (`id`),
  UNIQUE KEY `wallet_id` (`wallet_id`),
  UNIQUE KEY `id` (`id`)
) ENGINE=InnoDB AUTO_INCREMENT=9 DEFAULT CHARSET=latin1;

--
-- Dumping data for table `wallet_details`
--

INSERT INTO `wallet_details` (`id`, `wallet_id`, `number`, `cvv`, `balance`) VALUES
(1, 1, '6155247490533921', 983, 3430),
(2, 2, '1887587142382050', 772, 1850),
(3, 3, '4595809639046830', 532, 1585),
(4, 4, '5475856443351234', 521, 2000),
(5, 5, '9076633115663264', 229, 2000),
(6, 6, '6379869486830816', 861, 2000),
(7, 7, '3282140554036059', 404, 2000),
(8, 8, '770070754418725', 858, 2000);

--
-- Constraints for dumped tables
--

--
-- Constraints for table `orders`
--
ALTER TABLE `orders`
  ADD CONSTRAINT `orders_ibfk_1` FOREIGN KEY (`customer_id`) REFERENCES `users` (`id`);

--
-- Constraints for table `order_details`
--
ALTER TABLE `order_details`
  ADD CONSTRAINT `order_details_ibfk_1` FOREIGN KEY (`item_id`) REFERENCES `items` (`id`),
  ADD CONSTRAINT `order_details_ibfk_2` FOREIGN KEY (`order_id`) REFERENCES `orders` (`id`);

--
-- Constraints for table `tickets`
--
ALTER TABLE `tickets`
  ADD CONSTRAINT `tickets_ibfk_1` FOREIGN KEY (`poster_id`) REFERENCES `users` (`id`);

--
-- Constraints for table `ticket_details`
--
ALTER TABLE `ticket_details`
  ADD CONSTRAINT `ticket_details_ibfk_1` FOREIGN KEY (`ticket_id`) REFERENCES `tickets` (`id`),
  ADD CONSTRAINT `ticket_details_ibfk_2` FOREIGN KEY (`user_id`) REFERENCES `users` (`id`);

--
-- Constraints for table `wallet`
--
ALTER TABLE `wallet`
  ADD CONSTRAINT `wallet_ibfk_1` FOREIGN KEY (`customer_id`) REFERENCES `users` (`id`);

--
-- Constraints for table `wallet_details`
--
ALTER TABLE `wallet_details`
  ADD CONSTRAINT `wallet_details_ibfk_1` FOREIGN KEY (`wallet_id`) REFERENCES `wallet` (`id`);
COMMIT;

/*!40101 SET CHARACTER_SET_CLIENT=@OLD_CHARACTER_SET_CLIENT */;
/*!40101 SET CHARACTER_SET_RESULTS=@OLD_CHARACTER_SET_RESULTS */;
/*!40101 SET COLLATION_CONNECTION=@OLD_COLLATION_CONNECTION */;
